id,text
1,I'm so excited about the new product launch!
2,Feeling under the weather today.
3,This app is really good.
4,I had the worst experience with customer service.
5,What a beautiful morning to start coding!
6,Traffic is horrible again.
7,AI tools are revolutionizing productivity.
8,Can't believe this happened again...
9,Good vibes only.
10,The project deadline has been extended!
11,Very disappointed with the update.
12,Happy to see positive changes in the team.
13,This new phone is amazing!
14,Iâ€™m not impressed with the changes.
15,Just finished a great workout session.
16,That movie was a waste of time.
17,Fantastic job on the presentation today!
18,Struggling with this bug for hours...
19,Absolutely thrilled to announce our partnership.
20,Nothing seems to go right today.
